{
  "train_path": "data/train_data.csv",
  "random_state": 42,
  "test_size": 0.2,
  "label_map": {
    "Int": 0,
    "Work": 1
  },
  "inv_label_map": {
    "0": "Int",
    "1": "Work"
  },
  "threshold": 0.42999999999999994,
  "metrics": {
    "val_f1_at_best_threshold": 0.8491601530018293,
    "best_threshold": 0.42999999999999994,
    "classification_report": {
      "0": {
        "precision": 0.8589989059080962,
        "recall": 0.7074791619734174,
        "f1-score": 0.7759110562075355,
        "support": 8878.0
      },
      "1": {
        "precision": 0.7972519322351471,
        "recall": 0.9082984968424798,
        "f1-score": 0.8491601530018293,
        "support": 11243.0
      },
      "accuracy": 0.8196908702350778,
      "macro avg": {
        "precision": 0.8281254190716216,
        "recall": 0.8078888294079486,
        "f1-score": 0.8125356046046824,
        "support": 20121.0
      },
      "weighted avg": {
        "precision": 0.8244965837071635,
        "recall": 0.8196908702350778,
        "f1-score": 0.8168404133596774,
        "support": 20121.0
      }
    }
  },
  "n_features": 18
}